question,answer,role,source
What were the major expense categories that FinSolve Technologies Inc. faced pressure in during 2024?,"# Financial Report for FinSolve Technologies Inc. - 2024

Executive Summary:
-------------------------------------------
2024 marked a year of both opportunity and challenge for FinSolve Technologies. Despite a robust revenue increase, we saw significant pressure in certain expense categories, notably vendor-related costs and software subscriptions. However, these pressures were balanced by cost-saving measures in operational efficiency, strong gross margin performance, and strategic investment in growth areas. The company is well-positioned to continue scaling its core offerings, but focused attention on cost optimization will be essential for maintaining profitability in the coming years.",c-level,financial_summary.md
What must FinSolve Technologies invest in to ensure adherence to local laws and regulations as the company expands globally?,"4. **Risk: Regulatory Compliance** – As the company expands globally, navigating complex regulatory landscapes in different regions may introduce compliance risks. FinSolve Technologies must invest in **legal and compliance teams** to ensure adherence to local laws and regulations.

Appendices:
-------------------------------------------
Detailed tables and charts are available in the financial statements section of the main report, showcasing YoY comparisons, expense breakdowns, and key ratios.",c-level,financial_summary.md
What percentage of the Vendor Services expense was allocated to marketing-related activities?,"### Quarterly Expense Breakdown
Expenses were strategically allocated to support growth initiatives:

- **Vendor Services**: $120 million, with 40% ($48 million) allocated to marketing-related activities, including digital advertisements and corporate events.
- **Employee Benefits & HR**: $45 million, up 15% YoY due to increased staffing and employee development programs.
- **Software Subscriptions**: $45 million, up 18% YoY, reflecting expanded reliance on cloud-based platforms for operational scalability.
- **Other Operational Expenses**: $30 million, covering travel, office supplies, and administrative costs.

### Cash Flow Analysis
Cash flow performance underscored FinSolve Technologies’s financial health:",finance,quarterly_financial_report.md
"What is the cash flow from operations for FinSolve Technologies in Q2, April to June 2024?","### Cash Flow Analysis
Cash flow performance underscored FinSolve Technologies’s financial health:

- **Cash Flow from Operations**: $300 million, up 10% YoY, driven by strong revenue and efficient working capital management.
- **Cash Flow from Investing**: $50 million, allocated to research and development (R&D) and market expansion initiatives.
- **Cash Flow from Financing**: $20 million, reflecting net inflows for working capital optimization.

### Risks & Mitigation
- **Risk**: Increased vendor costs due to market conditions.
  - **Mitigation**: Initiated vendor negotiations and implemented cost reduction strategies to optimize procurement.
- **Risk**: Delays in accounts payable processing.
  - **Mitigation**: Streamlined payment workflows and renegotiated vendor contracts to improve cash flow efficiency.

---

## Q2 - April to June 2024",finance,quarterly_financial_report.md
What was the cash flow from operations for FinSolve Technologies in Q2 2024?,"### Cash Flow Analysis
Cash flow performance underscored FinSolve Technologies’s financial health:

- **Cash Flow from Operations**: $300 million, up 10% YoY, driven by strong revenue and efficient working capital management.
- **Cash Flow from Investing**: $50 million, allocated to research and development (R&D) and market expansion initiatives.
- **Cash Flow from Financing**: $20 million, reflecting net inflows for working capital optimization.

### Risks & Mitigation
- **Risk**: Increased vendor costs due to market conditions.
  - **Mitigation**: Initiated vendor negotiations and implemented cost reduction strategies to optimize procurement.
- **Risk**: Delays in accounts payable processing.
  - **Mitigation**: Streamlined payment workflows and renegotiated vendor contracts to improve cash flow efficiency.

---

## Q2 - April to June 2024",finance,quarterly_financial_report.md
What were the three areas in which FinSolve Technologies invested $260 million?,"Cash flow from operations reached $1.5 billion, up 14% YoY, enabling $260 million in investments for R&D, market expansion, and product development. Financing activities provided $110 million to support working capital and long-term growth. Despite risks such as vendor cost inflation and competitive pressures, proactive mitigation strategies ensured financial stability and positioned FinSolve Technologies for continued success in 2025.",finance,quarterly_financial_report.md
What percentage did the cash flow from operations increase by Year on Year (YoY) for FinSolve Technologies?,"Cash flow from operations reached $1.5 billion, up 14% YoY, enabling $260 million in investments for R&D, market expansion, and product development. Financing activities provided $110 million to support working capital and long-term growth. Despite risks such as vendor cost inflation and competitive pressures, proactive mitigation strategies ensured financial stability and positioned FinSolve Technologies for continued success in 2025.",finance,quarterly_financial_report.md
What was the percentage increase in FinSolve Technologies's net income in 2024?,"Year-Over-Year (YoY) Analysis:
-------------------------------------------
FinSolve Technologies's revenue grew by 25% in 2024, driven largely by the global expansion of its services, especially in Asia and Europe. This was accompanied by a 10% increase in vendor-related expenses, impacting overall profit margins. While gross profit increased by 25%, reflecting higher operational efficiency, **net income** saw a more modest increase of 12%. This suggests that while revenue growth is strong, controlling vendor costs and maintaining healthy cash flows remain key to long-term profitability.

Expense Breakdown by Category:
-------------------------------------------
The primary drivers of expense in 2024 were:",c-level,financial_summary.md
What was the impact of delayed payment cycles from key vendors on FinSolve Technologies's cash liquidity in the second half of 2024?,"Cash Flow Analysis:
-------------------------------------------
FinSolve Technologies’s **cash flow from operations** remained positive, amounting to $50M, a 20% increase over the prior year. However, the delayed payment cycles from several key vendors resulted in **accounts payable** delays, which slightly impacted cash liquidity during the second half of 2024. Addressing these delays, particularly in **vendor payments**, will be crucial to ensuring smoother cash flow management.

- **Cash Flow from Investing Activities**: Investments in research and development, new market entry, and acquisitions amounted to $15M, representing 20% of total cash flows. While these investments are crucial for long-term growth, they reduced short-term liquidity, which is something that should be monitored closely.",c-level,financial_summary.md
What was the revenue increase for FinSolve Technologies Inc. from Q1 to Q4 in 2024?,"# Quarterly Financial Report - FinSolve Technologies Inc. 2024

## Executive Summary
In 2024, FinSolve Technologies Inc. delivered exceptional financial performance, achieving significant year-over-year (YoY) growth across all quarters. With a strategic focus on market expansion, customer acquisition, and operational efficiency, the company saw revenue increase from $2.1 billion in Q1 to $2.6 billion in Q4, alongside consistent improvements in gross margin, operating income, and net income. This report provides a comprehensive overview of FinSolve Technologies’s financial results, expense breakdowns, cash flow analyses, and risk mitigation strategies for each quarter of 2024, underscoring our commitment to sustainable growth and shareholder value.

---

## Q1 - January to March 2024

### Quarterly Financial Overview
Q1 2024 set a strong foundation for the year, with robust revenue growth and operational efficiency. Key financial highlights include:",finance,quarterly_financial_report.md
What was the revenue increase of FinSolve Technologies Inc. from Q1 to Q4 in 2024?,"# Quarterly Financial Report - FinSolve Technologies Inc. 2024

## Executive Summary
In 2024, FinSolve Technologies Inc. delivered exceptional financial performance, achieving significant year-over-year (YoY) growth across all quarters. With a strategic focus on market expansion, customer acquisition, and operational efficiency, the company saw revenue increase from $2.1 billion in Q1 to $2.6 billion in Q4, alongside consistent improvements in gross margin, operating income, and net income. This report provides a comprehensive overview of FinSolve Technologies’s financial results, expense breakdowns, cash flow analyses, and risk mitigation strategies for each quarter of 2024, underscoring our commitment to sustainable growth and shareholder value.

---

## Q1 - January to March 2024

### Quarterly Financial Overview
Q1 2024 set a strong foundation for the year, with robust revenue growth and operational efficiency. Key financial highlights include:",finance,quarterly_financial_report.md
What is the Return on Investment (ROI) for FinSolve Technologies?,"- **Cash Flow from Financing Activities**: Financing activities remained consistent, with a small net cash inflow of $5M, used primarily for working capital management and capital expenditure.

Key Financial Ratios and Metrics:
-------------------------------------------
1. **Gross Margin**: 60% (Up from 55% in 2023)
   - *Industry Benchmark*: 55% (Indicates FinSolve Technologies is performing above average in terms of operational efficiency and cost control relative to peers).

2. **Net Margin**: 12% (Consistent with 2023)
   - *Industry Benchmark*: 10%
   - FinSolve Technologies’s stable net margin indicates sound control over both direct and indirect costs, though further improvement is possible with better vendor management.

3. **Return on Investment (ROI)**: 15%
   - *Industry Benchmark*: 12%
   - This figure shows efficient use of invested capital, outpacing the industry, and is a positive indicator for investor confidence.",c-level,financial_summary.md
"What is the email address of the Data Analyst, Ananya Banerjee?","FINEMP1043      Aadhya Singh        Sales Manager             Sales      aadhya.singh@fintechco.com      Pune    1984-05-24      2024-06-02 FINEMP1000  849227.01             17            14           91.97                   4       2024-02-16
 FINEMP1044        Isha Desai    Software Engineer        Technology        isha.desai@fintechco.com   Chennai    1988-12-22      2021-12-03 FINEMP1008  667541.44              9             1           88.61                   5       2024-09-13
 FINEMP1045   Ananya Banerjee         Data Analyst              Data   ananya.banerjee@fintechco.com    Mumbai    1996-04-07      2023-10-29 FINEMP1000  911824.83             14             4           99.10                   4       2025-02-05
 FINEMP1046     Shaurya Joshi    Marketing Manager         Marketing     shaurya.joshi@fintechco.com   Kolkata    1987-12-21      2018-11-03 FINEMP1008  865704.81             19            17           94.10                   1       2024-04-13",hr,hr_data.csv
